{"train_loss": 0.01787547953426838, "_timestamp": 1668033549.929631, "_runtime": 31918.64052605629, "_step": 2}