{"train_loss": 0.009162518940111448, "_timestamp": 1668058479.7828784, "_runtime": 20.597975492477417, "_step": 0}