{"train_loss": 0.0018044666074846167, "_timestamp": 1668054600.5556757, "_runtime": 500.1840567588806, "_step": 49, "_wandb": {"runtime": 499}}