{"train_loss": 9.003278682939708e-05, "_timestamp": 1668030059.6246467, "_runtime": 44779.68785357475, "_step": 9}