{"train_loss": 0.0336805414382635, "_timestamp": 1668067648.0099864, "_runtime": 1757.0891013145447, "_step": 0}