{"train_loss": 0.0015225002905479422, "_timestamp": 1668060493.2370114, "_runtime": 1977.2180304527283, "_step": 199, "_wandb": {"runtime": 1976}}