{"train_loss": 0.0035347857046872377, "_timestamp": 1668032236.8466234, "_runtime": 23777.6176943779, "_step": 1}